Insee - Statistiques locales; ; ; ; ; ; ; ; 
Référentiel géographique : France par département; ; ; ; ; ; ; ; 
Code;Libellé;Population légale 2016;Densité de population (historique depuis 1876) 2015;Part des non ou peu diplômés dans la pop. non scolarisée de 15 ans ou + 2015;École maternelle 2017;École élémentaire 2017;Collège 2017;Lycée 2017
01;Ain;638425;109.7;28.4;98;412;66;36
02;Aisne;536136;73.2;38.8;103;417;72;49
03;Allier;339384;46.5;35.1;95;274;45;29
04;Alpes-de-Haute-Provence;162565;23.4;30;31;130;21;15
05;Hautes-Alpes;141107;25.4;27.3;19;128;15;12
06;Alpes-Maritimes;1083704;251.8;30.6;218;409;96;74
07;Ardèche;325157;58.6;32.7;63;323;40;27
08;Ardennes;275371;53.1;37.8;38;178;40;21
09;Ariège;153067;31.2;32.4;27;151;18;12
10;Aube;308910;51.5;37.2;80;214;34;24
11;Aude;368025;59.8;33.4;87;285;35;30
12;Aveyron;278697;32;32.2;31;305;41;32
13;Bouches-du-Rhône;2019717;396.4;31.1;553;718;197;179
14;Calvados;693679;125.2;32.4;109;369;80;60
15;Cantal;145969;25.5;36;9;150;28;17
16;Charente;353288;59.4;32.8;95;272;45;33
17;Charente-Maritime;642191;93.2;31.8;154;382;61;46
18;Cher;307110;42.7;33.5;80;249;31;22
19;Corrèze;241535;41.3;31.8;45;192;30;24
21;Côte-d'Or;533213;60.8;29;215;355;57;41
22;Côtes-d'Armor;598953;87;30.2;55;474;82;49
23;Creuse;119502;21.6;36.4;32;124;18;10
24;Dordogne;414789;45.9;34.9;87;347;46;35
25;Doubs;538549;102.6;30.4;149;344;61;41
26;Drôme;508006;77.3;31;126;348;53;45
27;Eure;602825;99.7;33.7;148;464;67;39
28;Eure-et-Loir;433929;73.8;33.4;102;271;50;28
29;Finistère;908249;134.8;25.7;71;543;115;84
2A;Corse-du-Sud;154303;38;33.7;32;81;15;9
2B;Haute-Corse;176152;37.4;36.3;34;109;16;10
30;Gard;742006;126.1;32.5;184;402;75;47
31;Haute-Garonne;1348183;211.6;22.5;325;560;119;90
32;Gers;190664;30.5;33;56;166;28;21
33;Gironde;1566679;155.2;26.2;325;671;138;112
34;Hérault;1132481;183.6;29.2;241;458;106;73
35;Ille-et-Vilaine;1051779;153.9;26.3;122;570;106;82
36;Indre;223505;33;37;58;165;32;18
37;Indre-et-Loire;606223;98.7;29;128;319;72;52
38;Isère;1252912;168.3;27.4;293;716;125;103
39;Jura;260517;52.1;31.8;54;224;38;29
40;Landes;405010;43.6;29.2;80;284;46;30
41;Loir-et-Cher;332769;52.5;34.5;83;248;38;21
42;Loire;761997;158.9;32.9;133;497;77;83
43;Haute-Loire;227339;45.6;32;29;218;41;24
44;Loire-Atlantique;1380852;198.8;23.7;174;641;147;111
45;Loiret;674330;99.4;31.1;157;339;70;44
46;Lot;173347;33.2;31.8;48;171;23;16
47;Lot-et-Garonne;332833;62.2;36;83;249;38;30
48;Lozère;76422;14.8;31.3;8;104;19;12
49;Maine-et-Loire;810934;113.8;31.6;101;576;96;72
50;Manche;498362;84;35.3;58;339;75;51
51;Marne;570883;70.1;32.8;167;307;61;36
52;Haute-Marne;178084;28.8;37.7;35;138;26;18
53;Mayenne;307688;59.5;35.2;49;284;43;30
54;Meurthe-et-Moselle;733821;140;29.2;226;412;82;53
55;Meuse;189055;30.7;34.5;34;130;29;22
56;Morbihan;747548;109.2;28.5;60;502;91;57
57;Moselle;1045271;168;30.5;375;656;104;71
58;Nièvre;209161;31.1;35.9;46;165;34;21
59;Nord;2603723;453.7;33.3;579;1335;288;194
60;Oise;823542;140.2;33.2;253;652;82;58
61;Orne;285308;47;38.2;18;197;45;37
62;Pas-de-Calais;1470725;220.7;35.9;406;984;160;91
63;Puy-de-Dôme;650700;81.2;29.2;144;401;79;49
64;Pyrénées-Atlantiques;673986;87.6;25.3;112;520;88;73
65;Hautes-Pyrénées;227829;51.2;29;81;208;26;24
66;Pyrénées-Orientales;474369;114.4;33.7;117;197;41;25
67;Bas-Rhin;1121407;234.8;26.1;286;567;113;73
68;Haut-Rhin;762743;216.3;28.5;233;386;71;45
69;Rhône;1835903;560.8;26.8;294;753;171;150
70;Haute-Saône;237242;44.3;35.4;49;205;31;20
71;Saône-et-Loire;555023;64.8;34.1;173;440;61;40
72;Sarthe;567561;91.6;33.5;99;377;78;44
73;Savoie;429681;71;26.2;104;328;50;33
74;Haute-Savoie;801416;180.9;24.9;87;440;73;62
75;Paris;2190327;20934.4;18.9;324;502;193;238
76;Seine-Maritime;1255755;200.3;33.6;387;758;133;88
77;Seine-et-Marne;1397665;235;28.6;402;732;148;77
78;Yvelines;1431808;624.8;22.9;439;614;152;94
79;Deux-Sèvres;374743;62.4;33.8;75;287;54;36
80;Somme;572744;92.7;37.7;124;452;67;56
81;Tarn;386448;67.1;32.2;45;278;43;36
82;Tarn-et-Garonne;256897;68.7;34.3;52;182;24;20
83;Var;1055821;175.6;30.3;227;344;90;53
84;Vaucluse;559014;156.3;33.2;130;268;59;47
85;Vendée;670597;99.2;31.5;65;469;65;59
86;Vienne;436069;62.2;30.8;108;279;46;36
87;Haute-Vienne;374978;68.1;32.1;74;193;39;31
88;Vosges;369641;63.3;36.3;81;309;49;40
89;Yonne;340544;45.9;35.8;106;298;35;22
90;Territoire de Belfort;144089;237.1;29.8;54;101;16;12
91;Essonne;1287330;707.3;26.6;396;481;126;67
92;Hauts-de-Seine;1603268;9120;21.1;294;373;139;86
93;Seine-Saint-Denis;1606660;6742.9;39.2;398;484;159;100
94;Val-de-Marne;1378151;5600.9;28.3;312;348;140;82
95;Val-d'Oise;1221923;975.5;30.1;318;503;146;69
971;Guadeloupe;394110;244.4;44.1;117;188;49;47
972;Martinique;376480;337.7;43.5;71;181;53;37
973;Guyane;269352;3.1;55.2;46;126;37;20
974;La Réunion;852924;339.8;47.7;159;365;84;58
976;Mayotte;N/A;N/A;N/A;69;136;21;15